nom,metier,ville,departement,telephone,email,site_web,source
ATCE,plombier,Paris,75011,01 49 29 72 27,,, Pages Jaunes
Atelier Delaunay,plombier,Paris,75020,01 42 55 41 98,,,Pages Jaunes
Atie Bat,plombier,Paris,75010,01 42 26 11 78,,,Pages Jaunes
Roven Services,plombier,Argenteuil,95100,06 18 91 30 18,,,Pages Jaunes
SOS Plomberie 92,plombier,Issy-les-Moulineaux,92130,07 52 63 50 52,,,Pages Jaunes
S.D.R.,plombier,Paris,75017,06 28 53 70 60,,,Pages Jaunes
PCO Entreprise Plomberie Chauffage Ouazene,plombier,Paris,75011,01 58 30 38 04,,,Pages Jaunes
Axerio,plombier,Paris,75014,01 42 46 83 12,,,Pages Jaunes
Atelier AS Services,plombier,Paris,75015,07 56 92 09 50,,,Pages Jaunes
Sanitaire Monceau,plombier,Paris,75017,01 45 22 35 10,,,Pages Jaunes
ATD,électricien,Paris,75012,01 43 47 39 69,,,Pages Jaunes
Allo Sanyrapid,électricien,Paris,75015,01 45 77 04 61,,,Pages Jaunes
S E G,électricien,Paris,75014,07 83 06 92 03,,,Pages Jaunes
ID-Elec,électricien,Paris,75016,01 46 51 08 08,,,Pages Jaunes
Sofradel,électricien,Paris,75009,01 48 74 34 92,,,Pages Jaunes
GZ Services BTP,électricien,Paris,75,06 64 04 30 39,,,Pages Jaunes
Jouvenet,électricien,Paris,75015,01 40 50 05 08,,,Pages Jaunes
Entreprise Tavares,peintre,Paris,75018,01 39 78 38 29,,,Pages Jaunes
M.P Peinture,peintre,Paris,75013,06 95 79 77 32,,,Pages Jaunes
A E T M,peintre,Paris,75011,06 09 59 19 92,,,Pages Jaunes
Arnauld Peinture - Rénovations,peintre,Paris,75015,01 42 50 97 28,,,Pages Jaunes
URSUL VASILI,peintre,Paris,75,06 52 42 97 02,,,Pages Jaunes
Entreprise Degarde Pascal,peintre,Paris,75011,06 08 86 48 83,,,Pages Jaunes
MYK Peintre Paris 15,peintre,Paris,75015,07 81 18 58 60,,,Pages Jaunes
Artisan Demeter,peintre,Paris,75,06 52 67 37 15,,,Pages Jaunes
ExcelloDeco,peintre,Paris,75008,06 30 51 99 91,,,Pages Jaunes
DECOCLEAN,peintre,Paris,75018,01 42 23 07 26,,,Pages Jaunes
DAVID MARTIN plombier Lyon,plombier,Lyon,69007,06 84 45 46 67,,,Bottin.fr
B2A Plomberie Chauffage Climatisation,plombier,Lyon,69007,06 81 32 17 37,,,Bottin.fr
Sanigroove Plomberie,plombier,Lyon,69007,06 89 02 67 40,,,Bottin.fr
BC Plomberie Urgence Dépannage,plombier,Lyon,69007,06 58 18 14 76,,,Bottin.fr
Joka-T Artisans Plombiers,plombier,Lyon,69007,06 59 85 70 67,,,Bottin.fr
Le Plombier Lyon 7,plombier,Lyon,69007,06 99 41 47 10,,,Bottin.fr
Ets Jeguerime Plombier Chauffagiste,plombier,Lyon,69007,06 80 21 06 30,,,Bottin.fr
Climsanitherm,plombier,Lyon,69007,06 81 93 50 14,,,Bottin.fr
Samelec Artisan Electricien,électricien,Lyon,69007,06 46 76 78 65,,,Bottin.fr
Elec'tem,électricien,Lyon,69007,06 71 39 33 36,,,Bottin.fr
LBEG Lylian Bonnet Electricite Generale,électricien,Lyon,69007,07 69 78 30 39,,,Bottin.fr
SEED Solution Electrique Ecologique et Durable,électricien,Lyon,69007,06 77 20 64 21,,,Bottin.fr
Electron,électricien,Lyon,69007,06 37 17 08 92,,,Bottin.fr
Allo Elec Electricien Lyon,électricien,Lyon,69003,06 27 28 23 41,,,Bottin.fr
ElecTony,électricien,Lyon,69003,07 49 49 01 41,,,Bottin.fr
E T M M,maçon,Marseille,13013,04 91 21 81 65,,,Bottin.fr
2a France Batiment,maçon,Marseille,13013,07 49 04 04 25,,,Bottin.fr
Sarl FINITIO,maçon,Marseille,13013,06 27 03 23 55,,,Bottin.fr
Crabbe Gilles,maçon,Marseille,13013,04 91 61 16 20,,,Bottin.fr
FC BATIMENT,maçon,Marseille,13013,06 61 76 63 58,,,Bottin.fr
2G Construction,maçon,Marseille,13013,06 03 03 01 04,,,Bottin.fr
BTP Nelson Teixeira,maçon,Marseille,13013,07 49 11 20 29,,,Bottin.fr
Le Portail Marseillais,menuisier,Marseille,13008,06 16 63 29 08,,,Bottin.fr
A 13 Menuiserie,menuisier,Marseille,13008,04 15 43 03 07,,,Bottin.fr
Entreprise Roig,menuisier,Marseille,13008,06 17 83 06 91,,,Bottin.fr
ART NEEZ BOIS,menuisier,Marseille,13008,06 16 32 99 10,,,Bottin.fr
Pleinsoleils,menuisier,Marseille,13004,06 07 01 17 19,,,Bottin.fr
CREABOIS,menuisier,Marseille,13004,06 61 26 29 47,,,Bottin.fr
